file,original,lens,sheet,taken
red_charuco-blank_20261003-212010.jpg,20261003_212010.jpg,red,charuco-blank,2026:10:03 21:20:10
red_charuco-blank_20261003-212014.jpg,20261003_212014.jpg,red,charuco-blank,2026:10:03 21:20:14
red_charuco-blank_20261003-212017.jpg,20261003_212017.jpg,red,charuco-blank,2026:10:03 21:20:17
red_charuco-blank_20261003-212019.jpg,20261003_212019.jpg,red,charuco-blank,2026:10:03 21:20:19
red_charuco-blank_20261003-212021.jpg,20261003_212021.jpg,red,charuco-blank,2026:10:03 21:20:21
red_charuco-blank_20261003-212023.jpg,20261003_212023.jpg,red,charuco-blank,2026:10:03 21:20:22
red_charuco-blank_20261003-212025.jpg,20261003_212025.jpg,red,charuco-blank,2026:10:03 21:20:25
red_charuco-ronchi_20261003-212055.jpg,20261003_212055.jpg,red,charuco-ronchi,2026:10:03 21:20:55
red_charuco-ronchi_20261003-212113.jpg,20261003_212113.jpg,red,charuco-ronchi,2026:10:03 21:21:12
red_charuco-ronchi_20261003-212114.jpg,20261003_212114.jpg,red,charuco-ronchi,2026:10:03 21:21:14
red_charuco-ronchi_20261003-212115.jpg,20261003_212115.jpg,red,charuco-ronchi,2026:10:03 21:21:15
red_charuco-ronchi_20261003-212118.jpg,20261003_212118.jpg,red,charuco-ronchi,2026:10:03 21:21:17
red_charuco-ronchi_20261003-212122.jpg,20261003_212122.jpg,red,charuco-ronchi,2026:10:03 21:21:22
red_ronchi_20261003-212145.jpg,20261003_212145.jpg,red,ronchi,2026:10:03 21:21:45
